parachute_diameter,wheel_radius,chassis_mass,gear_diameter,fuel_mass_per_rocket,time_edl,time_rover,time_total,landing_velocity,avg_velocity,distance_traveled,energy_per_distance,total_cost,team_name,team_number
16.6243843053519,0.5972028211544913,303.67754567740315,0.05654304757641604,222.82168757858054,276.78453230931206,837.345442034663,1114.1299743439752,-0.0999713235896671,1.1624265374315899,1000.0,673.4307933713806,5669133.61431501,base,magnesium,PbAcid-1,10,SixtySevenMinusThree,64
17.63150493697137,0.6587669829391983,253.4977027637724,0.05664893476136855,281.9796868114483,140.38266461617113,951.2221037449939,1091.604768361165,-0.10003260655490777,1.0387548399991104,1000.0000000000001,1171.6695743671137,5471941.963591423,base,magnesium,PbAcid-1,10,SixtySevenMinusThree,64
17.517880153639318,0.6998053015650012,297.48801296109025,0.050469567586894276,274.16505786593734,139.08576947456163,637.2897216585496,776.3754911331113,-0.1002988519801543,1.5285813283655085,1000.0,473.1638473246517,5698926.475452338,base,magnesium,PbAcid-1,10,SixtySevenMinusThree,64
16.45146149626593,0.6908621255401636,250.01391676804673,0.05188213520414038,255.40681669939326,135.54244458792542,570.3386422447356,705.881086832661,-0.10066632053329991,1.7206750269549453,1000.0000000000001,800.1520173393615,5352853.475183056,base,magnesium,PbAcid-1,10,SixtySevenMinusThree,64
